---,Keys,Text_Xbox,Icon_Xbox,Text_PS4,Icon_PS4,Text_Steam,Icon_Steam
Gamepad_LeftX,"(Gamepad_LeftX)","NSLOCTEXT("""", ""9B2B04044F32A4579AFB0394581B2BF8"", ""Left Analog X"")","Texture2D'/Game/Blueprints/Input/UI/Icons/Xbox/AnalogL-X.AnalogL-X'","NSLOCTEXT("""", ""3D871E75442AEB8938FBA9AAB8E4F6E5"", ""Left Analog X"")","Texture2D'/Game/Blueprints/Input/UI/Icons/PS4/AnalogL-X.AnalogL-X'","NSLOCTEXT("""", ""9B2B04044F32A4579AFB0394581B2BF8"", ""Left Analog X"")","Texture2D'/Game/Blueprints/Input/UI/Icons/Xbox/AnalogL-X.AnalogL-X'"
Gamepad_LeftY,"(Gamepad_LeftY)","NSLOCTEXT("""", ""5A854E604E2DF41F307332964FF33E46"", ""Left Analog Y"")","Texture2D'/Game/Blueprints/Input/UI/Icons/Xbox/AnalogL-Y.AnalogL-Y'","NSLOCTEXT("""", ""37D339CA4CC981C80E9E579C2641719F"", ""Left Analog Y"")","Texture2D'/Game/Blueprints/Input/UI/Icons/PS4/AnalogL-Y.AnalogL-Y'","NSLOCTEXT("""", ""5A854E604E2DF41F307332964FF33E46"", ""Left Analog Y"")","Texture2D'/Game/Blueprints/Input/UI/Icons/Xbox/AnalogL-Y.AnalogL-Y'"
Gamepad_RightX,"(Gamepad_RightX)","NSLOCTEXT("""", ""EC9AC584476833A0B379438D1703F8A8"", ""Right Analog X"")","Texture2D'/Game/Blueprints/Input/UI/Icons/Xbox/AnalogR-X.AnalogR-X'","NSLOCTEXT("""", ""E48E5EA6450AB2F606286F86AD603793"", ""Right Analog X"")","Texture2D'/Game/Blueprints/Input/UI/Icons/PS4/AnalogR-X.AnalogR-X'","NSLOCTEXT("""", ""EC9AC584476833A0B379438D1703F8A8"", ""Right Analog X"")","Texture2D'/Game/Blueprints/Input/UI/Icons/Xbox/AnalogR-X.AnalogR-X'"
Gamepad_RightY,"(Gamepad_RightY)","NSLOCTEXT("""", ""196DE18241F586FB5296A8910791C917"", ""Right Analog Y"")","Texture2D'/Game/Blueprints/Input/UI/Icons/Xbox/AnalogR-Y.AnalogR-Y'","NSLOCTEXT("""", ""C8F97CAF4956766EA1E56D9242B2F03C"", ""Right Analog Y"")","Texture2D'/Game/Blueprints/Input/UI/Icons/PS4/AnalogR-Y.AnalogR-Y'","NSLOCTEXT("""", ""196DE18241F586FB5296A8910791C917"", ""Right Analog Y"")","Texture2D'/Game/Blueprints/Input/UI/Icons/Xbox/AnalogR-Y.AnalogR-Y'"
Gamepad_DPad_Up,"(Gamepad_DPad_Up)","NSLOCTEXT("""", ""EEDB0C9F49923E07EFC350AFD82CE33E"", ""D-Pad UP"")","Texture2D'/Game/Blueprints/Input/UI/Icons/Xbox/Dpad-U.Dpad-U'","NSLOCTEXT("""", ""48AC50F84CC3AEB209FC95A1B4A61865"", ""D-Pad UP"")","Texture2D'/Game/Blueprints/Input/UI/Icons/PS4/Dpad-U.Dpad-U'","NSLOCTEXT("""", ""EEDB0C9F49923E07EFC350AFD82CE33E"", ""D-Pad UP"")","Texture2D'/Game/Blueprints/Input/UI/Icons/Xbox/Dpad-U.Dpad-U'"
Gamepad_DPad_Down,"(Gamepad_DPad_Down)","NSLOCTEXT("""", ""9DBE3FA3463D79B3DB0AA8A24569286B"", ""D-Pad Down"")","Texture2D'/Game/Blueprints/Input/UI/Icons/Xbox/Dpad-D.Dpad-D'","NSLOCTEXT("""", ""C9CEC0E1407BD7AA046296B1804CBFED"", ""D-Pad Down"")","Texture2D'/Game/Blueprints/Input/UI/Icons/PS4/Dpad-D.Dpad-D'","NSLOCTEXT("""", ""9DBE3FA3463D79B3DB0AA8A24569286B"", ""D-Pad Down"")","Texture2D'/Game/Blueprints/Input/UI/Icons/Xbox/Dpad-D.Dpad-D'"
Gamepad_DPad_Right,"(Gamepad_DPad_Right)","NSLOCTEXT("""", ""03BDBAC246492511FB3776AB2561F16E"", ""D-Pad Right"")","Texture2D'/Game/Blueprints/Input/UI/Icons/Xbox/Dpad-R.Dpad-R'","NSLOCTEXT("""", ""12CF19F141E586646055F3A45F7D7CAC"", ""D-Pad Right"")","Texture2D'/Game/Blueprints/Input/UI/Icons/PS4/Dpad-R.Dpad-R'","NSLOCTEXT("""", ""03BDBAC246492511FB3776AB2561F16E"", ""D-Pad Right"")","Texture2D'/Game/Blueprints/Input/UI/Icons/Xbox/Dpad-R.Dpad-R'"
Gamepad_DPad_Left,"(Gamepad_DPad_Left)","NSLOCTEXT("""", ""2A6CD50B490BB5CB7C2AD09BB185162D"", ""D-Pad Left"")","Texture2D'/Game/Blueprints/Input/UI/Icons/Xbox/Dpad-L.Dpad-L'","NSLOCTEXT("""", ""C99D244E41F416004297068932715772"", ""D-Pad Left"")","Texture2D'/Game/Blueprints/Input/UI/Icons/PS4/Dpad-L.Dpad-L'","NSLOCTEXT("""", ""2A6CD50B490BB5CB7C2AD09BB185162D"", ""D-Pad Left"")","Texture2D'/Game/Blueprints/Input/UI/Icons/Xbox/Dpad-L.Dpad-L'"
Gamepad_Special_Left,"(Gamepad_Special_Left)","NSLOCTEXT("""", ""ADA8C19C4280AD5D0F143CA0BA057C41"", ""Back"")","Texture2D'/Game/Blueprints/Input/UI/Icons/Xbox/Back.Back'","NSLOCTEXT("""", ""55899F654637036F3303E5BCE7E11FC3"", ""Options"")","Texture2D'/Game/Blueprints/Input/UI/Icons/PS4/Select.Select'","NSLOCTEXT("""", ""ADA8C19C4280AD5D0F143CA0BA057C41"", ""Back"")","Texture2D'/Game/Blueprints/Input/UI/Icons/Xbox/Back.Back'"
Gamepad_Special_Right,"(Gamepad_Special_Right)","NSLOCTEXT("""", ""18873C324A3C467F0B95D69A9409AF94"", ""Start"")","Texture2D'/Game/Blueprints/Input/UI/Icons/Xbox/Start.Start'","NSLOCTEXT("""", ""A77D1E2A4A34157E9FC601819CB24617"", ""Share"")","Texture2D'/Game/Blueprints/Input/UI/Icons/PS4/Start.Start'","NSLOCTEXT("""", ""18873C324A3C467F0B95D69A9409AF94"", ""Start"")","Texture2D'/Game/Blueprints/Input/UI/Icons/Xbox/Start.Start'"
Gamepad_FaceButton_Bottom,"(Gamepad_FaceButton_Bottom)","NSLOCTEXT("""", ""024A4CDE494B2AC54D0595A7758D0461"", ""A"")","Texture2D'/Game/Blueprints/Input/UI/Icons/Xbox/A.A'","NSLOCTEXT("""", ""4C53CF3F4CFE4C4731B1F1B76DD149B0"", ""X"")","Texture2D'/Game/Blueprints/Input/UI/Icons/PS4/X.X'","NSLOCTEXT("""", ""024A4CDE494B2AC54D0595A7758D0461"", ""A"")","Texture2D'/Game/Blueprints/Input/UI/Icons/Xbox/A.A'"
Gamepad_FaceButton_Right,"(Gamepad_FaceButton_Right)","NSLOCTEXT("""", ""85AB5BC542FBD04B5E1B808BC0503277"", ""B"")","Texture2D'/Game/Blueprints/Input/UI/Icons/Xbox/B.B'","NSLOCTEXT("""", ""184EA41E4782F147BA4ED5B17AC9080D"", ""Circle"")","Texture2D'/Game/Blueprints/Input/UI/Icons/PS4/Sq.Sq'","NSLOCTEXT("""", ""85AB5BC542FBD04B5E1B808BC0503277"", ""B"")","Texture2D'/Game/Blueprints/Input/UI/Icons/Xbox/B.B'"
Gamepad_FaceButton_Left,"(Gamepad_FaceButton_Left)","NSLOCTEXT("""", ""DC7C542A45A496497C1A7299F7B21CA5"", ""X"")","Texture2D'/Game/Blueprints/Input/UI/Icons/Xbox/X.X'","NSLOCTEXT("""", ""40EA74F64F36A750AD13C8BCF48D4B6C"", ""Square"")","Texture2D'/Game/Blueprints/Input/UI/Icons/PS4/Rc.Rc'","NSLOCTEXT("""", ""DC7C542A45A496497C1A7299F7B21CA5"", ""X"")","Texture2D'/Game/Blueprints/Input/UI/Icons/Xbox/X.X'"
Gamepad_FaceButton_Top,"(Gamepad_FaceButton_Top)","NSLOCTEXT("""", ""DDEB043E482396FA3F20B8B78292D3D1"", ""Y"")","Texture2D'/Game/Blueprints/Input/UI/Icons/Xbox/Y.Y'","NSLOCTEXT("""", ""43F390AB418BC11AF40486ABC444AF9D"", ""Triangle"")","Texture2D'/Game/Blueprints/Input/UI/Icons/PS4/Tr.Tr'","NSLOCTEXT("""", ""DDEB043E482396FA3F20B8B78292D3D1"", ""Y"")","Texture2D'/Game/Blueprints/Input/UI/Icons/Xbox/Y.Y'"
Gamepad_LeftTrigger,"(Gamepad_LeftTriggerAxis,Gamepad_LeftTrigger)","NSLOCTEXT("""", ""C778B5AB4EE6DE88EA08F18038BC5C75"", ""LT"")","Texture2D'/Game/Blueprints/Input/UI/Icons/Xbox/LT.LT'","NSLOCTEXT("""", ""1DEAB04B4A7264D03C624EAB6BDC2B00"", ""L2"")","Texture2D'/Game/Blueprints/Input/UI/Icons/PS4/L2.L2'","NSLOCTEXT("""", ""C778B5AB4EE6DE88EA08F18038BC5C75"", ""LT"")","Texture2D'/Game/Blueprints/Input/UI/Icons/Xbox/LT.LT'"
Gamepad_RightTrigger,"(Gamepad_RightTriggerAxis,Gamepad_RightTrigger)","NSLOCTEXT("""", ""6BD5D54742D48317B63750B05BB30E86"", ""RT"")","Texture2D'/Game/Blueprints/Input/UI/Icons/Xbox/RT.RT'","NSLOCTEXT("""", ""3D39844A4958FF9CCF54729EAED9CAA6"", ""R2"")","Texture2D'/Game/Blueprints/Input/UI/Icons/PS4/R2.R2'","NSLOCTEXT("""", ""6BD5D54742D48317B63750B05BB30E86"", ""RT"")","Texture2D'/Game/Blueprints/Input/UI/Icons/Xbox/RT.RT'"
Gamepad_LeftShoulder,"(Gamepad_LeftShoulder)","NSLOCTEXT("""", ""D47FDEDE4FA29BCB9DF986BC43B0C167"", ""LB"")","Texture2D'/Game/Blueprints/Input/UI/Icons/Xbox/LB.LB'","NSLOCTEXT("""", ""F42E30434DAD99E3F7FB2FBF00066F4A"", ""L1"")","Texture2D'/Game/Blueprints/Input/UI/Icons/PS4/L1.L1'","NSLOCTEXT("""", ""D47FDEDE4FA29BCB9DF986BC43B0C167"", ""LB"")","Texture2D'/Game/Blueprints/Input/UI/Icons/Xbox/LB.LB'"
Gamepad_RightShoulder,"(Gamepad_RightShoulder)","NSLOCTEXT("""", ""40DB76D948F2B35E2A397ABFA73E78A5"", ""RB"")","Texture2D'/Game/Blueprints/Input/UI/Icons/Xbox/RB.RB'","NSLOCTEXT("""", ""DF82B03C43556DEC1BBBEABFC57A538B"", ""R1"")","Texture2D'/Game/Blueprints/Input/UI/Icons/PS4/R1.R1'","NSLOCTEXT("""", ""40DB76D948F2B35E2A397ABFA73E78A5"", ""RB"")","Texture2D'/Game/Blueprints/Input/UI/Icons/Xbox/RB.RB'"
Gamepad_LeftThumbstick,"(Gamepad_LeftThumbstick)","NSLOCTEXT("""", ""2FF871E742BC226AD80F7C877D9874F1"", ""Left Analog"")","Texture2D'/Game/Blueprints/Input/UI/Icons/Xbox/AnalogL.AnalogL'","NSLOCTEXT("""", ""C27628BE46FE4CA89CB52381CBED5DED"", ""L3"")","Texture2D'/Game/Blueprints/Input/UI/Icons/PS4/AnalogL.AnalogL'","NSLOCTEXT("""", ""2FF871E742BC226AD80F7C877D9874F1"", ""Left Analog"")","Texture2D'/Game/Blueprints/Input/UI/Icons/Xbox/AnalogL.AnalogL'"
Gamepad_RightThumbstick,"(Gamepad_RightThumbstick)","NSLOCTEXT("""", ""837B560341A4C4DBF355A2BF57A9117E"", ""Right Analog"")","Texture2D'/Game/Blueprints/Input/UI/Icons/Xbox/AnalogR.AnalogR'","NSLOCTEXT("""", ""B81FB00A42307E356333CD8ACD59771C"", ""R3"")","Texture2D'/Game/Blueprints/Input/UI/Icons/PS4/AnalogR.AnalogR'","NSLOCTEXT("""", ""837B560341A4C4DBF355A2BF57A9117E"", ""Right Analog"")","Texture2D'/Game/Blueprints/Input/UI/Icons/Xbox/AnalogR.AnalogR'"
LeftMouseButton,"(LeftMouseButton)","NSLOCTEXT("""", ""7909F3CF491C2EF6966564859FD31038"", ""LMB"")","Texture2D'/Game/Blueprints/Input/UI/Icons/Steam/Keyboard_Black_Mouse_Left.Keyboard_Black_Mouse_Left'","NSLOCTEXT("""", ""BCD03C674CD9879B99A714AB08EC63EC"", ""LMB"")","Texture2D'/Game/Blueprints/Input/UI/Icons/Steam/Keyboard_Black_Mouse_Left.Keyboard_Black_Mouse_Left'","NSLOCTEXT("""", ""6A77A9404806F07832748B8D6E7A2745"", ""Left Mouse"")","Texture2D'/Game/Blueprints/Input/UI/Icons/Steam/Keyboard_Black_Mouse_Left.Keyboard_Black_Mouse_Left'"
RightMouseButton,"(RightMouseButton)","NSLOCTEXT("""", ""529F7C2947BB016BDB1760B77F3A281F"", ""RMB"")","Texture2D'/Game/Blueprints/Input/UI/Icons/Steam/Keyboard_Black_Mouse_Right.Keyboard_Black_Mouse_Right'","NSLOCTEXT("""", ""443FB0A14CDCC3D0AF88E6AAB0C644A2"", ""RMB"")","Texture2D'/Game/Blueprints/Input/UI/Icons/Steam/Keyboard_Black_Mouse_Right.Keyboard_Black_Mouse_Right'","NSLOCTEXT("""", ""802C5A2341D42096C0909585F314208A"", ""Right Mouse"")","Texture2D'/Game/Blueprints/Input/UI/Icons/Steam/Keyboard_Black_Mouse_Right.Keyboard_Black_Mouse_Right'"
MiddleMouseButton,"(MiddleMouseButton)","NSLOCTEXT("""", ""C4154E104FBB0365D7284E886991194B"", ""MMB"")","Texture2D'/Game/Blueprints/Input/UI/Icons/Steam/Keyboard_Black_Mouse_Middle.Keyboard_Black_Mouse_Middle'","NSLOCTEXT("""", ""6B8CCF2847DA5D5A18D18087913957B4"", ""MMB"")","Texture2D'/Game/Blueprints/Input/UI/Icons/Steam/Keyboard_Black_Mouse_Middle.Keyboard_Black_Mouse_Middle'","NSLOCTEXT("""", ""CBB5698849B47D3A38A73DB840C668D8"", ""Middle Mouse"")","Texture2D'/Game/Blueprints/Input/UI/Icons/Steam/Keyboard_Black_Mouse_Middle.Keyboard_Black_Mouse_Middle'"
Zero,"(Zero)","NSLOCTEXT("""", ""1FCDA17B48652A13B1034BB9CC722074"", ""Zero"")","Texture2D'/Game/Blueprints/Input/UI/Icons/Steam/Keyboard_Black_0.Keyboard_Black_0'","NSLOCTEXT("""", ""38E6915B460E09534DA8B89B4413BE52"", ""Zero"")","Texture2D'/Game/Blueprints/Input/UI/Icons/Steam/Keyboard_Black_0.Keyboard_Black_0'","NSLOCTEXT("""", ""C30DAF324B2EB79696C4479F175BD8D9"", ""Zero"")","Texture2D'/Game/Blueprints/Input/UI/Icons/Steam/Keyboard_Black_0.Keyboard_Black_0'"
One,"(One)","NSLOCTEXT("""", ""F4758DA8490F096DA38599999D7DD9AA"", ""One"")","Texture2D'/Game/Blueprints/Input/UI/Icons/Steam/Keyboard_Black_1.Keyboard_Black_1'","NSLOCTEXT("""", ""F64E76BC4DEBC990456C2D80230B131E"", ""One"")","Texture2D'/Game/Blueprints/Input/UI/Icons/Steam/Keyboard_Black_1.Keyboard_Black_1'","NSLOCTEXT("""", ""19F758D84525DEEB3EFC278FFB07AC67"", ""One"")","Texture2D'/Game/Blueprints/Input/UI/Icons/Steam/Keyboard_Black_1.Keyboard_Black_1'"
Two,"(Two)","NSLOCTEXT("""", ""4754C990491A8D156CB570809C5D3F4C"", ""Two"")","Texture2D'/Game/Blueprints/Input/UI/Icons/Steam/Keyboard_Black_2.Keyboard_Black_2'","NSLOCTEXT("""", ""3AB1898E4BC5AF256BF6FAB72BE9EBB5"", ""Two"")","Texture2D'/Game/Blueprints/Input/UI/Icons/Steam/Keyboard_Black_2.Keyboard_Black_2'","NSLOCTEXT("""", ""D9C6C1594871D2FB027D2E8D51A04424"", ""Two"")","Texture2D'/Game/Blueprints/Input/UI/Icons/Steam/Keyboard_Black_2.Keyboard_Black_2'"
Three,"(Three)","NSLOCTEXT("""", ""AEC2FCB647DCF664EE2C29844EB78718"", ""Three"")","Texture2D'/Game/Blueprints/Input/UI/Icons/Steam/Keyboard_Black_3.Keyboard_Black_3'","NSLOCTEXT("""", ""D779A6D342F4EC9CAC006EAE3CB6D701"", ""Three"")","Texture2D'/Game/Blueprints/Input/UI/Icons/Steam/Keyboard_Black_3.Keyboard_Black_3'","NSLOCTEXT("""", ""3864681340AC45C80B5FBBB34A186CE8"", ""Three"")","Texture2D'/Game/Blueprints/Input/UI/Icons/Steam/Keyboard_Black_3.Keyboard_Black_3'"
Four,"(Four)","NSLOCTEXT("""", ""5BAAF28146A9C7052AC505A010CC8C5E"", ""Four"")","Texture2D'/Game/Blueprints/Input/UI/Icons/Steam/Keyboard_Black_4.Keyboard_Black_4'","NSLOCTEXT("""", ""D382414B4B622D1115527BBF2F25DFF1"", ""Four"")","Texture2D'/Game/Blueprints/Input/UI/Icons/Steam/Keyboard_Black_4.Keyboard_Black_4'","NSLOCTEXT("""", ""16F6B26E4FD450374CBF5281FC0684C7"", ""Four"")","Texture2D'/Game/Blueprints/Input/UI/Icons/Steam/Keyboard_Black_4.Keyboard_Black_4'"
Five,"(Five)","NSLOCTEXT("""", ""17F37A384F14366A974EA6AAAFA6962D"", ""Five"")","Texture2D'/Game/Blueprints/Input/UI/Icons/Steam/Keyboard_Black_5.Keyboard_Black_5'","NSLOCTEXT("""", ""B84ADFD34339306CB08154ACA1959F09"", ""Five"")","Texture2D'/Game/Blueprints/Input/UI/Icons/Steam/Keyboard_Black_5.Keyboard_Black_5'","NSLOCTEXT("""", ""3F3926094126BC3750DECEB527E2E7F5"", ""Five"")","Texture2D'/Game/Blueprints/Input/UI/Icons/Steam/Keyboard_Black_5.Keyboard_Black_5'"
Six,"(Six)","NSLOCTEXT("""", ""3CFCC4FC415AB7CA86E6D38B141A50DB"", ""Six"")","Texture2D'/Game/Blueprints/Input/UI/Icons/Steam/Keyboard_Black_6.Keyboard_Black_6'","NSLOCTEXT("""", ""FD42801B4774A5903FB6B486E3154A60"", ""Six"")","Texture2D'/Game/Blueprints/Input/UI/Icons/Steam/Keyboard_Black_6.Keyboard_Black_6'","NSLOCTEXT("""", ""6E65557948E66CF5A31F62A9BAD74B62"", ""Six"")","Texture2D'/Game/Blueprints/Input/UI/Icons/Steam/Keyboard_Black_6.Keyboard_Black_6'"
Seven,"(Seven)","NSLOCTEXT("""", ""D26FD9DA4EBE0A757401708D4E4A4A83"", ""Seven"")","Texture2D'/Game/Blueprints/Input/UI/Icons/Steam/Keyboard_Black_7.Keyboard_Black_7'","NSLOCTEXT("""", ""B460424B43D8B2864A1D439285785DC0"", ""Seven"")","Texture2D'/Game/Blueprints/Input/UI/Icons/Steam/Keyboard_Black_7.Keyboard_Black_7'","NSLOCTEXT("""", ""1075E0064EB8C448C83934B23B0DCEB3"", ""Seven"")","Texture2D'/Game/Blueprints/Input/UI/Icons/Steam/Keyboard_Black_7.Keyboard_Black_7'"
Eight,"(Eight)","NSLOCTEXT("""", ""02ED9CDC4A5225FCFD1E0FA863C686E0"", ""Eight"")","Texture2D'/Game/Blueprints/Input/UI/Icons/Steam/Keyboard_Black_8.Keyboard_Black_8'","NSLOCTEXT("""", ""928C62E742532A74764A3582B64B4ABA"", ""Eight"")","Texture2D'/Game/Blueprints/Input/UI/Icons/Steam/Keyboard_Black_8.Keyboard_Black_8'","NSLOCTEXT("""", ""758519634C69F9D85EE8119AD8214B43"", ""Eight"")","Texture2D'/Game/Blueprints/Input/UI/Icons/Steam/Keyboard_Black_8.Keyboard_Black_8'"
Nine,"(Nine)","NSLOCTEXT("""", ""9123449C46B94A0AC5E721A6C918B873"", ""Nine"")","Texture2D'/Game/Blueprints/Input/UI/Icons/Steam/Keyboard_Black_9.Keyboard_Black_9'","NSLOCTEXT("""", ""D283F3C646F944358471D6BC6C44E948"", ""Nine"")","Texture2D'/Game/Blueprints/Input/UI/Icons/Steam/Keyboard_Black_9.Keyboard_Black_9'","NSLOCTEXT("""", ""A94856A143AD9F40EC5098B4E06D0F92"", ""Nine"")","Texture2D'/Game/Blueprints/Input/UI/Icons/Steam/Keyboard_Black_9.Keyboard_Black_9'"
A,"(A)","NSLOCTEXT("""", ""9CE5624443A5F12EE02834862ED9483A"", ""A"")","Texture2D'/Game/Blueprints/Input/UI/Icons/Steam/Keyboard_Black_A.Keyboard_Black_A'","NSLOCTEXT("""", ""F34F3B754CB94714648FB58476A24753"", ""A"")","Texture2D'/Game/Blueprints/Input/UI/Icons/Steam/Keyboard_Black_A.Keyboard_Black_A'","NSLOCTEXT("""", ""941C82D8438349F02E032EAFF496923E"", ""A"")","Texture2D'/Game/Blueprints/Input/UI/Icons/Steam/Keyboard_Black_A.Keyboard_Black_A'"
B,"(B)","NSLOCTEXT("""", ""8B6A2E9E4AD54A4E7606F3A4A7E5B658"", ""B"")","Texture2D'/Game/Blueprints/Input/UI/Icons/Steam/Keyboard_Black_B.Keyboard_Black_B'","NSLOCTEXT("""", ""C8EFD8234C79BA73609A2B8D96D10A14"", ""B"")","Texture2D'/Game/Blueprints/Input/UI/Icons/Steam/Keyboard_Black_B.Keyboard_Black_B'","NSLOCTEXT("""", ""3E9A63D74309A73E2EA1B69C8E4C5C4A"", ""B"")","Texture2D'/Game/Blueprints/Input/UI/Icons/Steam/Keyboard_Black_B.Keyboard_Black_B'"
C,"(C)","NSLOCTEXT("""", ""2A2B2D164C7A10AB32465CB2BCBDC89C"", ""C"")","Texture2D'/Game/Blueprints/Input/UI/Icons/Steam/Keyboard_Black_C.Keyboard_Black_C'","NSLOCTEXT("""", ""801CD4064085E7CB7A81CEBE6E9330C0"", ""C"")","Texture2D'/Game/Blueprints/Input/UI/Icons/Steam/Keyboard_Black_C.Keyboard_Black_C'","NSLOCTEXT("""", ""445006E84FE6E26277EBC4A6E12B6706"", ""C"")","Texture2D'/Game/Blueprints/Input/UI/Icons/Steam/Keyboard_Black_C.Keyboard_Black_C'"
D,"(D)","NSLOCTEXT("""", ""9B1A2D3944BE0096991FEC8F7A00AF17"", ""D"")","Texture2D'/Game/Blueprints/Input/UI/Icons/Steam/Keyboard_Black_D.Keyboard_Black_D'","NSLOCTEXT("""", ""BD1A4C4F4D61808FE49658B905E2E2DE"", ""D"")","Texture2D'/Game/Blueprints/Input/UI/Icons/Steam/Keyboard_Black_D.Keyboard_Black_D'","NSLOCTEXT("""", ""CD702580444BE21D6CD6DEA8857BD00F"", ""D"")","Texture2D'/Game/Blueprints/Input/UI/Icons/Steam/Keyboard_Black_D.Keyboard_Black_D'"
E,"(E)","NSLOCTEXT("""", ""B279F80143BD2AFD6B9F379F845F7571"", ""E"")","Texture2D'/Game/Blueprints/Input/UI/Icons/Steam/Keyboard_Black_E.Keyboard_Black_E'","NSLOCTEXT("""", ""507C2F224FA189D817031FBEA8477062"", ""E"")","Texture2D'/Game/Blueprints/Input/UI/Icons/Steam/Keyboard_Black_E.Keyboard_Black_E'","NSLOCTEXT("""", ""F22834F345BC12A45C8C2E823E3D5CD5"", ""E"")","Texture2D'/Game/Blueprints/Input/UI/Icons/Steam/Keyboard_Black_E.Keyboard_Black_E'"
F,"(F)","NSLOCTEXT("""", ""9CAD93F44BE67C042A6FE09E2EB2818E"", ""F"")","Texture2D'/Game/Blueprints/Input/UI/Icons/Steam/Keyboard_Black_F.Keyboard_Black_F'","NSLOCTEXT("""", ""33017A824755504779E158840078EBA4"", ""F"")","Texture2D'/Game/Blueprints/Input/UI/Icons/Steam/Keyboard_Black_F.Keyboard_Black_F'","NSLOCTEXT("""", ""E42531E74014CEB2F0BCC7B1447B5FA9"", ""F"")","Texture2D'/Game/Blueprints/Input/UI/Icons/Steam/Keyboard_Black_F.Keyboard_Black_F'"
G,"(G)","NSLOCTEXT("""", ""1DAD6FB04A5A233BB8B268892C90EB9D"", ""G"")","Texture2D'/Game/Blueprints/Input/UI/Icons/Steam/Keyboard_Black_G.Keyboard_Black_G'","NSLOCTEXT("""", ""D34268D6436FF0DE300BA9B7FC3C09B5"", ""G"")","Texture2D'/Game/Blueprints/Input/UI/Icons/Steam/Keyboard_Black_G.Keyboard_Black_G'","NSLOCTEXT("""", ""7F526B844D159A7B9E81D5A9E3AD92A9"", ""G"")","Texture2D'/Game/Blueprints/Input/UI/Icons/Steam/Keyboard_Black_G.Keyboard_Black_G'"
H,"(H)","NSLOCTEXT("""", ""E4ACD5614098E3C9E27499AE755E143B"", ""H"")","Texture2D'/Game/Blueprints/Input/UI/Icons/Steam/Keyboard_Black_H.Keyboard_Black_H'","NSLOCTEXT("""", ""87DA0CB947363902DD78CE87392527B8"", ""H"")","Texture2D'/Game/Blueprints/Input/UI/Icons/Steam/Keyboard_Black_H.Keyboard_Black_H'","NSLOCTEXT("""", ""7AA0A62A46DFB34E68101088916EC228"", ""H"")","Texture2D'/Game/Blueprints/Input/UI/Icons/Steam/Keyboard_Black_H.Keyboard_Black_H'"
I,"(I)","NSLOCTEXT("""", ""9D87EFE24299006A90333898AD7E0782"", ""I"")","Texture2D'/Game/Blueprints/Input/UI/Icons/Steam/Keyboard_Black_I.Keyboard_Black_I'","NSLOCTEXT("""", ""2DA4DC7A46396F98DF5B37B06267B916"", ""I"")","Texture2D'/Game/Blueprints/Input/UI/Icons/Steam/Keyboard_Black_I.Keyboard_Black_I'","NSLOCTEXT("""", ""C0A3D70A4A511D875E03AB97624A8470"", ""I"")","Texture2D'/Game/Blueprints/Input/UI/Icons/Steam/Keyboard_Black_I.Keyboard_Black_I'"
J,"(J)","NSLOCTEXT("""", ""BCC65AA246B8AE33FEDC2FBF49B73A98"", ""J"")","Texture2D'/Game/Blueprints/Input/UI/Icons/Steam/Keyboard_Black_J.Keyboard_Black_J'","NSLOCTEXT("""", ""AD4676A647F7F212765CB8BC9988022B"", ""J"")","Texture2D'/Game/Blueprints/Input/UI/Icons/Steam/Keyboard_Black_J.Keyboard_Black_J'","NSLOCTEXT("""", ""3717A1BC4C142B8DCB5A4DA784D9C1DE"", ""J"")","Texture2D'/Game/Blueprints/Input/UI/Icons/Steam/Keyboard_Black_J.Keyboard_Black_J'"
K,"(K)","NSLOCTEXT("""", ""C67564364AD6AE8BEFB1799FD810FB8A"", ""K"")","Texture2D'/Game/Blueprints/Input/UI/Icons/Steam/Keyboard_Black_K.Keyboard_Black_K'","NSLOCTEXT("""", ""4E67F7A04CA479C2C0C091BE515DA67F"", ""K"")","Texture2D'/Game/Blueprints/Input/UI/Icons/Steam/Keyboard_Black_K.Keyboard_Black_K'","NSLOCTEXT("""", ""6D7829B145AFF48D4EB70380A2F45AFC"", ""K"")","Texture2D'/Game/Blueprints/Input/UI/Icons/Steam/Keyboard_Black_K.Keyboard_Black_K'"
L,"(L)","NSLOCTEXT("""", ""A8C732BE43BEC6F4A8F30FAF8593F271"", ""L"")","Texture2D'/Game/Blueprints/Input/UI/Icons/Steam/Keyboard_Black_L.Keyboard_Black_L'","NSLOCTEXT("""", ""4AB534CE4FE4FC0BCD8F25881BE62FF4"", ""L"")","Texture2D'/Game/Blueprints/Input/UI/Icons/Steam/Keyboard_Black_L.Keyboard_Black_L'","NSLOCTEXT("""", ""4EE7E08E424CBBD6F60ACD815A6E4B4B"", ""L"")","Texture2D'/Game/Blueprints/Input/UI/Icons/Steam/Keyboard_Black_L.Keyboard_Black_L'"
M,"(M)","NSLOCTEXT("""", ""E1D135994F9D913789848FB543AE2A59"", ""M"")","Texture2D'/Game/Blueprints/Input/UI/Icons/Steam/Keyboard_Black_M.Keyboard_Black_M'","NSLOCTEXT("""", ""BF20FA324FCDA22F492090A2652AF90C"", ""M"")","Texture2D'/Game/Blueprints/Input/UI/Icons/Steam/Keyboard_Black_M.Keyboard_Black_M'","NSLOCTEXT("""", ""F3E1E87A456D2E21A70D80BBD588DA7A"", ""M"")","Texture2D'/Game/Blueprints/Input/UI/Icons/Steam/Keyboard_Black_M.Keyboard_Black_M'"
N,"(N)","NSLOCTEXT("""", ""32EEA17948B8ABED7ED615BE1A7DE66F"", ""N"")","Texture2D'/Game/Blueprints/Input/UI/Icons/Steam/Keyboard_Black_N.Keyboard_Black_N'","NSLOCTEXT("""", ""2A78C88443F5CDCC9BFD3FB4399E004A"", ""N"")","Texture2D'/Game/Blueprints/Input/UI/Icons/Steam/Keyboard_Black_N.Keyboard_Black_N'","NSLOCTEXT("""", ""C851A3374CFEE3B79229308B5DB287A0"", ""N"")","Texture2D'/Game/Blueprints/Input/UI/Icons/Steam/Keyboard_Black_N.Keyboard_Black_N'"
O,"(O)","NSLOCTEXT("""", ""88E16EE64F17008582586198562DCE07"", ""O"")","Texture2D'/Game/Blueprints/Input/UI/Icons/Steam/Keyboard_Black_O.Keyboard_Black_O'","NSLOCTEXT("""", ""3100255B4A9B7CFD29CC6DA3BF4C3B24"", ""O"")","Texture2D'/Game/Blueprints/Input/UI/Icons/Steam/Keyboard_Black_O.Keyboard_Black_O'","NSLOCTEXT("""", ""D985B34245A83F8F3F592386FEA61A6F"", ""O"")","Texture2D'/Game/Blueprints/Input/UI/Icons/Steam/Keyboard_Black_O.Keyboard_Black_O'"
P,"(P)","NSLOCTEXT("""", ""3E18040D40251485866DE694D81BB228"", ""P"")","Texture2D'/Game/Blueprints/Input/UI/Icons/Steam/Keyboard_Black_P.Keyboard_Black_P'","NSLOCTEXT("""", ""A7737DC741065B58EBB4908AB9DFE47B"", ""P"")","Texture2D'/Game/Blueprints/Input/UI/Icons/Steam/Keyboard_Black_P.Keyboard_Black_P'","NSLOCTEXT("""", ""D0F7D23C48CEA2B2356043BB3389E598"", ""P"")","Texture2D'/Game/Blueprints/Input/UI/Icons/Steam/Keyboard_Black_P.Keyboard_Black_P'"
Q,"(Q)","NSLOCTEXT("""", ""EE00B66440C8D6CF437E459E0C53689D"", ""Q"")","Texture2D'/Game/Blueprints/Input/UI/Icons/Steam/Keyboard_Black_Q.Keyboard_Black_Q'","NSLOCTEXT("""", ""E1C7DD574C17876FF621F382F84FA050"", ""Q"")","Texture2D'/Game/Blueprints/Input/UI/Icons/Steam/Keyboard_Black_Q.Keyboard_Black_Q'","NSLOCTEXT("""", ""CD4723344EB355D45463FB8632B00E60"", ""Q"")","Texture2D'/Game/Blueprints/Input/UI/Icons/Steam/Keyboard_Black_Q.Keyboard_Black_Q'"
R,"(R)","NSLOCTEXT("""", ""BA9D395C47919F84171DEDA6D0449AD9"", ""R"")","Texture2D'/Game/Blueprints/Input/UI/Icons/Steam/Keyboard_Black_R.Keyboard_Black_R'","NSLOCTEXT("""", ""8705F2384147AFC85502CBADE36EE810"", ""R"")","Texture2D'/Game/Blueprints/Input/UI/Icons/Steam/Keyboard_Black_R.Keyboard_Black_R'","NSLOCTEXT("""", ""9D1548B84F3D37706DC44686EA0035F2"", ""R"")","Texture2D'/Game/Blueprints/Input/UI/Icons/Steam/Keyboard_Black_R.Keyboard_Black_R'"
S,"(S)","NSLOCTEXT("""", ""77B3A9DC492ACD1A9A12D4A7311058F1"", ""S"")","Texture2D'/Game/Blueprints/Input/UI/Icons/Steam/Keyboard_Black_S.Keyboard_Black_S'","NSLOCTEXT("""", ""72277E6D49CBC7667D9AF6AB84B59117"", ""S"")","Texture2D'/Game/Blueprints/Input/UI/Icons/Steam/Keyboard_Black_S.Keyboard_Black_S'","NSLOCTEXT("""", ""118BEA1249C61B9947938BB1215001FF"", ""S"")","Texture2D'/Game/Blueprints/Input/UI/Icons/Steam/Keyboard_Black_S.Keyboard_Black_S'"
T,"(T)","NSLOCTEXT("""", ""E53D0FC64B8E94C28E0880AD594F6ED8"", ""T"")","Texture2D'/Game/Blueprints/Input/UI/Icons/Steam/Keyboard_Black_T.Keyboard_Black_T'","NSLOCTEXT("""", ""E035278C4617C3D2C2DDFF9A16DA7FF4"", ""T"")","Texture2D'/Game/Blueprints/Input/UI/Icons/Steam/Keyboard_Black_T.Keyboard_Black_T'","NSLOCTEXT("""", ""29DA80BF4D60F9642D2A199EF890CD20"", ""T"")","Texture2D'/Game/Blueprints/Input/UI/Icons/Steam/Keyboard_Black_T.Keyboard_Black_T'"
U,"(U)","NSLOCTEXT("""", ""EF58C48447EB9C501E2EB88754D75D04"", ""U"")","Texture2D'/Game/Blueprints/Input/UI/Icons/Steam/Keyboard_Black_U.Keyboard_Black_U'","NSLOCTEXT("""", ""B4A79E054E402104358D0E8C7CD60187"", ""U"")","Texture2D'/Game/Blueprints/Input/UI/Icons/Steam/Keyboard_Black_U.Keyboard_Black_U'","NSLOCTEXT("""", ""21F889AD41D0A878A17FA18278B38B66"", ""U"")","Texture2D'/Game/Blueprints/Input/UI/Icons/Steam/Keyboard_Black_U.Keyboard_Black_U'"
V,"(V)","NSLOCTEXT("""", ""A584EBC6419682D74700D286B99C7908"", ""V"")","Texture2D'/Game/Blueprints/Input/UI/Icons/Steam/Keyboard_Black_V.Keyboard_Black_V'","NSLOCTEXT("""", ""381A8A204BEE770D24BF93BE8913E450"", ""V"")","Texture2D'/Game/Blueprints/Input/UI/Icons/Steam/Keyboard_Black_V.Keyboard_Black_V'","NSLOCTEXT("""", ""6A32760D4708453617D7058A0A3B68F7"", ""V"")","Texture2D'/Game/Blueprints/Input/UI/Icons/Steam/Keyboard_Black_V.Keyboard_Black_V'"
W,"(W)","NSLOCTEXT("""", ""5025825D455F1DF1D6B8E08F19430464"", ""W"")","Texture2D'/Game/Blueprints/Input/UI/Icons/Steam/Keyboard_Black_W.Keyboard_Black_W'","NSLOCTEXT("""", ""096E018B47ADD5B0373F218960126EA0"", ""W"")","Texture2D'/Game/Blueprints/Input/UI/Icons/Steam/Keyboard_Black_W.Keyboard_Black_W'","NSLOCTEXT("""", ""8473B1EB4B6DFC4B61F1BF89663013A3"", ""W"")","Texture2D'/Game/Blueprints/Input/UI/Icons/Steam/Keyboard_Black_W.Keyboard_Black_W'"
X,"(X)","NSLOCTEXT("""", ""1AB72FAD43FFE242F7AC34A32AB8BDB4"", ""X"")","Texture2D'/Game/Blueprints/Input/UI/Icons/Steam/Keyboard_Black_X.Keyboard_Black_X'","NSLOCTEXT("""", ""2262C9B143E76FADDC7A8BAF98C97EF6"", ""X"")","Texture2D'/Game/Blueprints/Input/UI/Icons/Steam/Keyboard_Black_X.Keyboard_Black_X'","NSLOCTEXT("""", ""B579BD4D4C7610D98F79CD8FD37313BB"", ""X"")","Texture2D'/Game/Blueprints/Input/UI/Icons/Steam/Keyboard_Black_X.Keyboard_Black_X'"
Y,"(Y)","NSLOCTEXT("""", ""529E013E4BF967D6C142E6B088377D55"", ""Y"")","Texture2D'/Game/Blueprints/Input/UI/Icons/Steam/Keyboard_Black_Y.Keyboard_Black_Y'","NSLOCTEXT("""", ""D386012247B25446B12666BAA72BEE2F"", ""Y"")","Texture2D'/Game/Blueprints/Input/UI/Icons/Steam/Keyboard_Black_Y.Keyboard_Black_Y'","NSLOCTEXT("""", ""FB40B4B5487B6186481A2EB1020CC1AB"", ""Y"")","Texture2D'/Game/Blueprints/Input/UI/Icons/Steam/Keyboard_Black_Y.Keyboard_Black_Y'"
Z,"(Z)","NSLOCTEXT("""", ""CBCB9E99481EC5BAA23937AC072960E7"", ""Z"")","Texture2D'/Game/Blueprints/Input/UI/Icons/Steam/Keyboard_Black_Z.Keyboard_Black_Z'","NSLOCTEXT("""", ""D406B5C34E92EA6578B44D9E149EF726"", ""Z"")","Texture2D'/Game/Blueprints/Input/UI/Icons/Steam/Keyboard_Black_Z.Keyboard_Black_Z'","NSLOCTEXT("""", ""52C119D441FBC9F5C1D77A87D594E52D"", ""Z"")","Texture2D'/Game/Blueprints/Input/UI/Icons/Steam/Keyboard_Black_Z.Keyboard_Black_Z'"
Up-Arrow,"(Up)","NSLOCTEXT("""", ""8CC611EB4AE6EF96642CD497B0C3529D"", ""Up-Arrow"")","Texture2D'/Game/Blueprints/Input/UI/Icons/Steam/Keyboard_Black_Arrow_Up.Keyboard_Black_Arrow_Up'","NSLOCTEXT("""", ""81EF923E44338335A7A0EAAD97B59F76"", ""Up-Arrow"")","Texture2D'/Game/Blueprints/Input/UI/Icons/Steam/Keyboard_Black_Arrow_Up.Keyboard_Black_Arrow_Up'","NSLOCTEXT("""", ""9C49CDC647466B9103E7559F42477D49"", ""Up-Arrow"")","Texture2D'/Game/Blueprints/Input/UI/Icons/Steam/Keyboard_Black_Arrow_Up.Keyboard_Black_Arrow_Up'"
Down-Arrow,"(Down)","NSLOCTEXT("""", ""992B561C40E98AB0BBDE92A45C246FA0"", ""Down-Arrow"")","Texture2D'/Game/Blueprints/Input/UI/Icons/Steam/Keyboard_Black_Arrow_Down.Keyboard_Black_Arrow_Down'","NSLOCTEXT("""", ""D349268A4F05B0DC44BA4593073C5473"", ""Down-Arrow"")","Texture2D'/Game/Blueprints/Input/UI/Icons/Steam/Keyboard_Black_Arrow_Down.Keyboard_Black_Arrow_Down'","NSLOCTEXT("""", ""2947C9AF4115FD357AAD0B8B386A72C5"", ""Down-Arrow"")","Texture2D'/Game/Blueprints/Input/UI/Icons/Steam/Keyboard_Black_Arrow_Down.Keyboard_Black_Arrow_Down'"
Left-Arrow,"(Left)","NSLOCTEXT("""", ""ACEFB59A4A9EBD01A296CC9C6B5E13F3"", ""Left-Arrow"")","Texture2D'/Game/Blueprints/Input/UI/Icons/Steam/Keyboard_Black_Arrow_Left.Keyboard_Black_Arrow_Left'","NSLOCTEXT("""", ""2072A09A41EC95A53C18C0B0E20110B6"", ""Left-Arrow"")","Texture2D'/Game/Blueprints/Input/UI/Icons/Steam/Keyboard_Black_Arrow_Left.Keyboard_Black_Arrow_Left'","NSLOCTEXT("""", ""8D58714D44A02DD0389889AB2876A204"", ""Left-Arrow"")","Texture2D'/Game/Blueprints/Input/UI/Icons/Steam/Keyboard_Black_Arrow_Left.Keyboard_Black_Arrow_Left'"
Right-Arrow,"(Right)","NSLOCTEXT("""", ""24C9DC4F4EB3DF1F14CA7493F8FE8CBE"", ""Right-Arrow"")","Texture2D'/Game/Blueprints/Input/UI/Icons/Steam/Keyboard_Black_Arrow_Right.Keyboard_Black_Arrow_Right'","NSLOCTEXT("""", ""B36E6AE3453A5198DF2A38A25FCA7BAF"", ""Right-Arrow"")","Texture2D'/Game/Blueprints/Input/UI/Icons/Steam/Keyboard_Black_Arrow_Right.Keyboard_Black_Arrow_Right'","NSLOCTEXT("""", ""473942D84E7E310305045C80E1DA5DD5"", ""Right-Arrow"")","Texture2D'/Game/Blueprints/Input/UI/Icons/Steam/Keyboard_Black_Arrow_Right.Keyboard_Black_Arrow_Right'"
Alt,"(LeftAlt,RightAlt)","NSLOCTEXT("""", ""2436BFF04D2B052E37BF4CA7308005B4"", ""Alt"")","Texture2D'/Game/Blueprints/Input/UI/Icons/Steam/Keyboard_Black_Alt.Keyboard_Black_Alt'","NSLOCTEXT("""", ""0B80D282430F47E081C89198CD760816"", ""Alt"")","Texture2D'/Game/Blueprints/Input/UI/Icons/Steam/Keyboard_Black_Alt.Keyboard_Black_Alt'","NSLOCTEXT("""", ""EE67A2DA4E40A9DFEE3327BD005DC254"", ""Alt"")","Texture2D'/Game/Blueprints/Input/UI/Icons/Steam/Keyboard_Black_Alt.Keyboard_Black_Alt'"
Asterisk,"(Multiply)","NSLOCTEXT("""", ""739419504F3256020AB446996A299053"", ""Asterisk"")","Texture2D'/Game/Blueprints/Input/UI/Icons/Steam/Keyboard_Black_Asterisk.Keyboard_Black_Asterisk'","NSLOCTEXT("""", ""77F2A0E64C0941EA618EECAD4525E305"", ""Asterisk"")","Texture2D'/Game/Blueprints/Input/UI/Icons/Steam/Keyboard_Black_Asterisk.Keyboard_Black_Asterisk'","NSLOCTEXT("""", ""CE6816154606389DE082D99753C23F8A"", ""Asterisk"")","Texture2D'/Game/Blueprints/Input/UI/Icons/Steam/Keyboard_Black_Asterisk.Keyboard_Black_Asterisk'"
BackSpace,"(BackSpace)","NSLOCTEXT("""", ""FCAFEF804204C95E9B0264BB3EE26F59"", ""BackSpace"")","Texture2D'/Game/Blueprints/Input/UI/Icons/Steam/Keyboard_Black_Backspace.Keyboard_Black_Backspace'","NSLOCTEXT("""", ""B8BD8F7C47F8FABA6189F79FB21DFE80"", ""BackSpace"")","Texture2D'/Game/Blueprints/Input/UI/Icons/Steam/Keyboard_Black_Backspace.Keyboard_Black_Backspace'","NSLOCTEXT("""", ""C49E01E747157D3E21ABCFB8B1CB86B6"", ""BackSpace"")","Texture2D'/Game/Blueprints/Input/UI/Icons/Steam/Keyboard_Black_Backspace.Keyboard_Black_Backspace'"
BracketLeft,"(LeftBracket)","NSLOCTEXT("""", ""A8C60F294FE6C182E4975795C894F6F8"", ""BracketLeft"")","Texture2D'/Game/Blueprints/Input/UI/Icons/Steam/Keyboard_Black_Bracket_Left.Keyboard_Black_Bracket_Left'","NSLOCTEXT("""", ""53DE5F994134B255579145BA75E3CB14"", ""BracketLeft"")","Texture2D'/Game/Blueprints/Input/UI/Icons/Steam/Keyboard_Black_Bracket_Left.Keyboard_Black_Bracket_Left'","NSLOCTEXT("""", ""767DAE864EF4A6B7BCA443A48324F216"", ""BracketLeft"")","Texture2D'/Game/Blueprints/Input/UI/Icons/Steam/Keyboard_Black_Bracket_Left.Keyboard_Black_Bracket_Left'"
BracketRight,"(RightBracket)","NSLOCTEXT("""", ""49F2633B4478C4E38D36C680D27BBE4A"", ""BracketRight"")","Texture2D'/Game/Blueprints/Input/UI/Icons/Steam/Keyboard_Black_Bracket_Right.Keyboard_Black_Bracket_Right'","NSLOCTEXT("""", ""9B87B95348155C3C27A1118CBCC2571C"", ""BracketRight"")","Texture2D'/Game/Blueprints/Input/UI/Icons/Steam/Keyboard_Black_Bracket_Right.Keyboard_Black_Bracket_Right'","NSLOCTEXT("""", ""333AFC494845C71793AD91AB40F90FA8"", ""BracketRight"")","Texture2D'/Game/Blueprints/Input/UI/Icons/Steam/Keyboard_Black_Bracket_Right.Keyboard_Black_Bracket_Right'"
CapsLock,"(CapsLock)","NSLOCTEXT("""", ""7394978E4DE6CECB2106B6BD9E62501A"", ""CapsLock"")","Texture2D'/Game/Blueprints/Input/UI/Icons/Steam/Keyboard_Black_Caps_Lock.Keyboard_Black_Caps_Lock'","NSLOCTEXT("""", ""8FAA68BF4B5E730E2E54F1BB290AF537"", ""CapsLock"")","Texture2D'/Game/Blueprints/Input/UI/Icons/Steam/Keyboard_Black_Caps_Lock.Keyboard_Black_Caps_Lock'","NSLOCTEXT("""", ""8527F6304B9D2F8E01A4ADA2EEAA33CB"", ""CapsLock"")","Texture2D'/Game/Blueprints/Input/UI/Icons/Steam/Keyboard_Black_Caps_Lock.Keyboard_Black_Caps_Lock'"
Control,"(LeftControl,RightControl)","NSLOCTEXT("""", ""8836B21C49050198D2F379A2F0CD0C58"", ""Control"")","Texture2D'/Game/Blueprints/Input/UI/Icons/Steam/Keyboard_Black_Ctrl.Keyboard_Black_Ctrl'","NSLOCTEXT("""", ""73660D4B4D77DD00CDA3F8AF6D629D58"", ""Control"")","Texture2D'/Game/Blueprints/Input/UI/Icons/Steam/Keyboard_Black_Ctrl.Keyboard_Black_Ctrl'","NSLOCTEXT("""", ""4FBFF0EC404F6633B63A9DAC6014F55D"", ""Control"")","Texture2D'/Game/Blueprints/Input/UI/Icons/Steam/Keyboard_Black_Ctrl.Keyboard_Black_Ctrl'"
Delete,"(Delete)","NSLOCTEXT("""", ""9C2E12604BF33A1B8AC696B6167CCC30"", ""Delete"")","Texture2D'/Game/Blueprints/Input/UI/Icons/Steam/Keyboard_Black_Del.Keyboard_Black_Del'","NSLOCTEXT("""", ""4118F045460A32D9BE8064BCCB02F551"", ""Delete"")","Texture2D'/Game/Blueprints/Input/UI/Icons/Steam/Keyboard_Black_Del.Keyboard_Black_Del'","NSLOCTEXT("""", ""52EFC3C645806D524661D5B035806839"", ""Delete"")","Texture2D'/Game/Blueprints/Input/UI/Icons/Steam/Keyboard_Black_Del.Keyboard_Black_Del'"
End,"(End)","NSLOCTEXT("""", ""23B7075F46F15877FB5CBE85AA0DF898"", ""End"")","Texture2D'/Game/Blueprints/Input/UI/Icons/Steam/Keyboard_Black_End.Keyboard_Black_End'","NSLOCTEXT("""", ""64417FDA4529D1B02608C4962F3C6239"", ""End"")","Texture2D'/Game/Blueprints/Input/UI/Icons/Steam/Keyboard_Black_End.Keyboard_Black_End'","NSLOCTEXT("""", ""6606F7BD4C70C6DA2655C6BCAE11C341"", ""End"")","Texture2D'/Game/Blueprints/Input/UI/Icons/Steam/Keyboard_Black_End.Keyboard_Black_End'"
Enter,"(Enter)","NSLOCTEXT("""", ""9FE974294BDDA41FD47DF7BD969FF51C"", ""Enter"")","Texture2D'/Game/Blueprints/Input/UI/Icons/Steam/Keyboard_Black_Enter.Keyboard_Black_Enter'","NSLOCTEXT("""", ""99AD8F944E7D754881A09CB5CDEB38F3"", ""Enter"")","Texture2D'/Game/Blueprints/Input/UI/Icons/Steam/Keyboard_Black_Enter.Keyboard_Black_Enter'","NSLOCTEXT("""", ""2D321FDD49E751419269A99FE3AA742B"", ""Enter"")","Texture2D'/Game/Blueprints/Input/UI/Icons/Steam/Keyboard_Black_Enter.Keyboard_Black_Enter'"
Escape,"(Escape)","NSLOCTEXT("""", ""5DBCBB1F41DEDDD50F13BD8FFEBA2965"", ""Escape"")","Texture2D'/Game/Blueprints/Input/UI/Icons/Steam/Keyboard_Black_Esc.Keyboard_Black_Esc'","NSLOCTEXT("""", ""AF1B49C74D2631E0AC4E3DA8BE908698"", ""Escape"")","Texture2D'/Game/Blueprints/Input/UI/Icons/Steam/Keyboard_Black_Esc.Keyboard_Black_Esc'","NSLOCTEXT("""", ""DD7430764A730F2FFCEF58A7263810C5"", ""Escape"")","Texture2D'/Game/Blueprints/Input/UI/Icons/Steam/Keyboard_Black_Esc.Keyboard_Black_Esc'"
Home,"(Home)","NSLOCTEXT("""", ""0B37A0334F1B26507C08AC9E4165FDEC"", ""Home"")","Texture2D'/Game/Blueprints/Input/UI/Icons/Steam/Keyboard_Black_Home.Keyboard_Black_Home'","NSLOCTEXT("""", ""D1776F5F4E584648FFCF4D9A975115E0"", ""Home"")","Texture2D'/Game/Blueprints/Input/UI/Icons/Steam/Keyboard_Black_Home.Keyboard_Black_Home'","NSLOCTEXT("""", ""776139D54280D715B210649BAC41489A"", ""Home"")","Texture2D'/Game/Blueprints/Input/UI/Icons/Steam/Keyboard_Black_Home.Keyboard_Black_Home'"
Insert,"(Insert)","NSLOCTEXT("""", ""34E9A25D40CF7B9F486BF5B50BEF2CCD"", ""Insert"")","Texture2D'/Game/Blueprints/Input/UI/Icons/Steam/Keyboard_Black_Insert.Keyboard_Black_Insert'","NSLOCTEXT("""", ""C7CE0B3C4842F944D953DC938EFD35CE"", ""Insert"")","Texture2D'/Game/Blueprints/Input/UI/Icons/Steam/Keyboard_Black_Insert.Keyboard_Black_Insert'","NSLOCTEXT("""", ""04347CC940410461A2D3F8A94DBBFB41"", ""Insert"")","Texture2D'/Game/Blueprints/Input/UI/Icons/Steam/Keyboard_Black_Insert.Keyboard_Black_Insert'"
Comma,"(Comma)","NSLOCTEXT("""", ""C29B76014C6CE3090809AF9745F58597"", ""Comma"")","Texture2D'/Game/Blueprints/Input/UI/Icons/Steam/Keyboard_Black_Mark_Left.Keyboard_Black_Mark_Left'","NSLOCTEXT("""", ""DBEF7C644C42C73C380C6E9D2B61E10E"", ""Comma"")","Texture2D'/Game/Blueprints/Input/UI/Icons/Steam/Keyboard_Black_Mark_Left.Keyboard_Black_Mark_Left'","NSLOCTEXT("""", ""FE69B9B9412BAEEA807F77B27F48C52B"", ""Comma"")","Texture2D'/Game/Blueprints/Input/UI/Icons/Steam/Keyboard_Black_Mark_Left.Keyboard_Black_Mark_Left'"
Period,"(Period)","NSLOCTEXT("""", ""C90163264C5EFBFA2A745EA5CAC63200"", ""Period"")","Texture2D'/Game/Blueprints/Input/UI/Icons/Steam/Keyboard_Black_Mark_Right.Keyboard_Black_Mark_Right'","NSLOCTEXT("""", ""BE5298B4421BD4E935D9389E3A2EBD29"", ""Period"")","Texture2D'/Game/Blueprints/Input/UI/Icons/Steam/Keyboard_Black_Mark_Right.Keyboard_Black_Mark_Right'","NSLOCTEXT("""", ""1DF9A05A46C8AB250B3D1995C392E4A4"", ""Period"")","Texture2D'/Game/Blueprints/Input/UI/Icons/Steam/Keyboard_Black_Mark_Right.Keyboard_Black_Mark_Right'"
Minus,"(Subtract,Underscore)","NSLOCTEXT("""", ""26574C6A4FC4D42591EC84871B9CF8CC"", ""Minus"")","Texture2D'/Game/Blueprints/Input/UI/Icons/Steam/Keyboard_Black_Minus.Keyboard_Black_Minus'","NSLOCTEXT("""", ""207A829C426E8CB237DDE99CF8CBE150"", ""Minus"")","Texture2D'/Game/Blueprints/Input/UI/Icons/Steam/Keyboard_Black_Minus.Keyboard_Black_Minus'","NSLOCTEXT("""", ""6609713F444B8339E0BB8DA90AC2B28D"", ""Minus"")","Texture2D'/Game/Blueprints/Input/UI/Icons/Steam/Keyboard_Black_Minus.Keyboard_Black_Minus'"
NumLock,"(NumLock)","NSLOCTEXT("""", ""6E4459F940502247BF74708D47A3BDD9"", ""NumLock"")","Texture2D'/Game/Blueprints/Input/UI/Icons/Steam/Keyboard_Black_Num_Lock.Keyboard_Black_Num_Lock'","NSLOCTEXT("""", ""360215F446222A9B67FC85B0EFEEC8BF"", ""NumLock"")","Texture2D'/Game/Blueprints/Input/UI/Icons/Steam/Keyboard_Black_Num_Lock.Keyboard_Black_Num_Lock'","NSLOCTEXT("""", ""0FEA1F314B04A56AA523A1B4156DCE49"", ""NumLock"")","Texture2D'/Game/Blueprints/Input/UI/Icons/Steam/Keyboard_Black_Num_Lock.Keyboard_Black_Num_Lock'"
PageDown,"(PageDown)","NSLOCTEXT("""", ""4612DAE349BA04FDA3639D8BC548D97B"", ""PageDown"")","Texture2D'/Game/Blueprints/Input/UI/Icons/Steam/Keyboard_Black_Page_Down.Keyboard_Black_Page_Down'","NSLOCTEXT("""", ""29A380D04AC91ED200D5FFAEA26D47A5"", ""PageDown"")","Texture2D'/Game/Blueprints/Input/UI/Icons/Steam/Keyboard_Black_Page_Down.Keyboard_Black_Page_Down'","NSLOCTEXT("""", ""04A6749A40C409CD2D2CA99A52E5D782"", ""PageDown"")","Texture2D'/Game/Blueprints/Input/UI/Icons/Steam/Keyboard_Black_Page_Down.Keyboard_Black_Page_Down'"
PageUp,"(PageUp)","NSLOCTEXT("""", ""1CFA10794516297F285F81B64746ED84"", ""PageUp"")","Texture2D'/Game/Blueprints/Input/UI/Icons/Steam/Keyboard_Black_Page_Up.Keyboard_Black_Page_Up'","NSLOCTEXT("""", ""ADEEDDA040BF26359A3E0A9539AC1230"", ""PageUp"")","Texture2D'/Game/Blueprints/Input/UI/Icons/Steam/Keyboard_Black_Page_Up.Keyboard_Black_Page_Up'","NSLOCTEXT("""", ""F0961C6040F5E8A7CC2F40A65D080E02"", ""PageUp"")","Texture2D'/Game/Blueprints/Input/UI/Icons/Steam/Keyboard_Black_Page_Up.Keyboard_Black_Page_Up'"
Plus,"(Add,Equals)","NSLOCTEXT("""", ""C8E4B71843685F082F3ADE92AA025217"", ""Plus"")","Texture2D'/Game/Blueprints/Input/UI/Icons/Steam/Keyboard_Black_Plus.Keyboard_Black_Plus'","NSLOCTEXT("""", ""25507AB94832D141B74260A225393C4D"", ""Plus"")","Texture2D'/Game/Blueprints/Input/UI/Icons/Steam/Keyboard_Black_Plus.Keyboard_Black_Plus'","NSLOCTEXT("""", ""D459C9B940B8B7EF0EFB2CA734FA23C2"", ""Plus"")","Texture2D'/Game/Blueprints/Input/UI/Icons/Steam/Keyboard_Black_Plus.Keyboard_Black_Plus'"
Tilde,"(Tilde)","NSLOCTEXT("""", ""D778B787431A1005D73296A245FAE10F"", ""Tilde"")","Texture2D'/Game/Blueprints/Input/UI/Icons/Steam/Keyboard_Black_Tilda.Keyboard_Black_Tilda'","NSLOCTEXT("""", ""5A6781744E8187345866ECA4E283D19B"", ""Tilde"")","Texture2D'/Game/Blueprints/Input/UI/Icons/Steam/Keyboard_Black_Tilda.Keyboard_Black_Tilda'","NSLOCTEXT("""", ""5AD1BE11478DA03D1CE2C19B26E8CAAC"", ""Tilde"")","Texture2D'/Game/Blueprints/Input/UI/Icons/Steam/Keyboard_Black_Tilda.Keyboard_Black_Tilda'"
QuestionMark,"(Slash,Divide)","NSLOCTEXT("""", ""1436789E423198B4FA89DA9A8FA022D3"", ""QuestionMark"")","Texture2D'/Game/Blueprints/Input/UI/Icons/Steam/Keyboard_Black_Question.Keyboard_Black_Question'","NSLOCTEXT("""", ""440FF3C94549B7C9B688F8877FECF4B2"", ""QuestionMark"")","Texture2D'/Game/Blueprints/Input/UI/Icons/Steam/Keyboard_Black_Question.Keyboard_Black_Question'","NSLOCTEXT("""", ""8BBA75674BB71D6AEBF44DB1FE2D4836"", ""QuestionMark"")","Texture2D'/Game/Blueprints/Input/UI/Icons/Steam/Keyboard_Black_Question.Keyboard_Black_Question'"
Quote,"(Quote)","NSLOCTEXT("""", ""83C4FD764C371CF154C54791B6DAB88F"", ""Quote"")","Texture2D'/Game/Blueprints/Input/UI/Icons/Steam/Keyboard_Black_Quote.Keyboard_Black_Quote'","NSLOCTEXT("""", ""03D4CF624A8BAB1603300F8DB307ED09"", ""Quote"")","Texture2D'/Game/Blueprints/Input/UI/Icons/Steam/Keyboard_Black_Quote.Keyboard_Black_Quote'","NSLOCTEXT("""", ""5044A05D4E0AF41C1E5AD48B62BE63D5"", ""Quote"")","Texture2D'/Game/Blueprints/Input/UI/Icons/Steam/Keyboard_Black_Quote.Keyboard_Black_Quote'"
Semicolon,"(Semicolon)","NSLOCTEXT("""", ""C4732EA144E2CCC7506FB2AB6FB47113"", ""Semicolon"")","Texture2D'/Game/Blueprints/Input/UI/Icons/Steam/Keyboard_Black_Semicolon.Keyboard_Black_Semicolon'","NSLOCTEXT("""", ""2D1907514E51523D1E8AAC8E0E09DC0A"", ""Semicolon"")","Texture2D'/Game/Blueprints/Input/UI/Icons/Steam/Keyboard_Black_Semicolon.Keyboard_Black_Semicolon'","NSLOCTEXT("""", ""8E96309C4C03AFF8056B25A40C1CFA23"", ""Semicolon"")","Texture2D'/Game/Blueprints/Input/UI/Icons/Steam/Keyboard_Black_Semicolon.Keyboard_Black_Semicolon'"
Shift,"(LeftShift,RightShift)","NSLOCTEXT("""", ""0AB916E949929E6AB941CB8CAEAA700E"", ""Shift"")","Texture2D'/Game/Blueprints/Input/UI/Icons/Steam/Keyboard_Black_Shift_Alt.Keyboard_Black_Shift_Alt'","NSLOCTEXT("""", ""720351984DC1364AED057695275FBAF7"", ""Shift"")","Texture2D'/Game/Blueprints/Input/UI/Icons/Steam/Keyboard_Black_Shift_Alt.Keyboard_Black_Shift_Alt'","NSLOCTEXT("""", ""80556AB9436A628C10DF9E90B8BE3B0D"", ""Shift"")","Texture2D'/Game/Blueprints/Input/UI/Icons/Steam/Keyboard_Black_Shift_Alt.Keyboard_Black_Shift_Alt'"
BackSlash,"(Backslash)","NSLOCTEXT("""", ""6FD7D29C49796EFE4E62458DCE826A52"", ""BackSlash"")","Texture2D'/Game/Blueprints/Input/UI/Icons/Steam/Keyboard_Black_Slash.Keyboard_Black_Slash'","NSLOCTEXT("""", ""A15C6CFD4CC8374DF347E5AC529D5E90"", ""BackSlash"")","Texture2D'/Game/Blueprints/Input/UI/Icons/Steam/Keyboard_Black_Slash.Keyboard_Black_Slash'","NSLOCTEXT("""", ""2F94CEC04EDB835F7955849E7B45BF86"", ""BackSlash"")","Texture2D'/Game/Blueprints/Input/UI/Icons/Steam/Keyboard_Black_Slash.Keyboard_Black_Slash'"
Space,"(SpaceBar)","NSLOCTEXT("""", ""21FB234346B673A9DA84AC8DA78C53B1"", ""Space"")","Texture2D'/Game/Blueprints/Input/UI/Icons/Steam/Keyboard_Black_Space.Keyboard_Black_Space'","NSLOCTEXT("""", ""8FD94B9343F20BAC386AEA9388E3E157"", ""Space"")","Texture2D'/Game/Blueprints/Input/UI/Icons/Steam/Keyboard_Black_Space.Keyboard_Black_Space'","NSLOCTEXT("""", ""9FFEDF144A587F459D62C7B8CF29A408"", ""Space"")","Texture2D'/Game/Blueprints/Input/UI/Icons/Steam/Keyboard_Black_Space.Keyboard_Black_Space'"
Tab,"(Tab)","NSLOCTEXT("""", ""A5C98BFF4B2B6B30DCCAD3B4B6BBDB5A"", ""Tab"")","Texture2D'/Game/Blueprints/Input/UI/Icons/Steam/Keyboard_Black_Tab.Keyboard_Black_Tab'","NSLOCTEXT("""", ""F8AA8E7C4D77B4E58CDE64A00C7DF032"", ""Tab"")","Texture2D'/Game/Blueprints/Input/UI/Icons/Steam/Keyboard_Black_Tab.Keyboard_Black_Tab'","NSLOCTEXT("""", ""A18A3DDE4764C0F29CB72ABA1C89F7E5"", ""Tab"")","Texture2D'/Game/Blueprints/Input/UI/Icons/Steam/Keyboard_Black_Tab.Keyboard_Black_Tab'"
